"job_id","job_title","job_location","job_schedule_type","salary_year_avg","job_posted_date","company_name"
226942,"Data Analyst","Anywhere","Full-time","650000.0","2023-02-20 15:13:33","Mantys"
547382,"Director of Analytics","Anywhere","Full-time","336500.0","2023-08-23 12:04:42","Meta"
552322,"Associate Director- Data Insights","Anywhere","Full-time","255829.5","2023-06-18 16:03:12","AT&T"
99305,"Data Analyst, Marketing","Anywhere","Full-time","232423.0","2023-12-05 20:00:40","Pinterest Job Advertisements"
1021647,"Data Analyst (Hybrid/Remote)","Anywhere","Full-time","217000.0","2023-01-17 00:17:23","Uclahealthcareers"
168310,"Principal Data Analyst (Remote)","Anywhere","Full-time","205000.0","2023-08-09 11:00:01","SmartAsset"
731368,"Director, Data Analyst - HYBRID","Anywhere","Full-time","189309.0","2023-12-07 15:00:13","Inclusively"
310660,"Principal Data Analyst, AV Performance Analysis","Anywhere","Full-time","189000.0","2023-01-05 00:00:25","Motional"
1749593,"Principal Data Analyst","Anywhere","Full-time","186000.0","2023-07-11 16:00:05","SmartAsset"
387860,"ERM Data Analyst","Anywhere","Full-time","184000.0","2023-06-09 08:01:04","Get It Recruit - Information Technology"
1352513,"REMOTE Director of Data Analytics","Anywhere","Full-time","170000.0","2023-08-09 14:02:45","A-Line Staffing Solutions"
1781684,"DTCC Data Analyst","Anywhere","Full-time","170000.0","2023-10-06 00:01:41","Robert Half"
987523,"Azure Data Python Consultant - contract to HIRE - Citizen or Perm...","Anywhere","Contractor","170000.0","2023-01-23 22:28:01","Kelly Science, Engineering, Technology & Telecom"
1525451,"Manager, Data Analyst","Anywhere","Full-time","167000.0","2023-04-18 07:01:17","Uber"
712473,"Data Analyst","Anywhere","Full-time","165000.0","2023-08-14 16:01:19","Get It Recruit - Information Technology"
1246069,"Data Analyst","Anywhere","Full-time","165000.0","2023-12-08 09:16:37","Plexus Resource Solutions"
1423236,"Principal Data Science Analyst- Remote","Anywhere","Full-time","164746.0","2023-01-13 13:04:39","Mayo Clinic"
1799883,"Principal Data Science Analyst- Remote","Anywhere","Full-time","164746.0","2023-04-14 12:05:19","Mayo Clinic"
618890,"Principal Data Intelligence Analyst - Cardiac - Remote","Anywhere","Full-time","163500.0","2023-09-20 13:00:44","CEDARS-SINAI"
918213,"Senior - Data Analyst","Anywhere","Full-time","160515.0","2023-06-14 21:01:17","DIRECTV"
475626,"Principal Data Analyst","Anywhere","Full-time","160000.0","2023-02-02 14:16:03","Realtime Recruitment"
783771,"SQL DEVELOPER / DATA ANALYST (Insurance industry Experience) ...","Anywhere","Full-time","160000.0","2023-01-30 02:02:22","Robert Half"
182813,"Principal Data Analyst","Anywhere","Full-time","160000.0","2023-10-13 09:00:52","Get It Recruit - Information Technology"
485388,"System Data Analyst","Anywhere","","157500.0","2023-07-17 18:00:47","Edgewater Federal Solutions, Inc."
266799,"Applied Scientist - Maps","Anywhere","Full-time","157500.0","2023-10-13 07:03:27","Uber"
25761,"Data Analyst - Remote","Anywhere","Full-time","155485.5","2023-09-01 16:41:57","CaptivateIQ"
105157,"Lead Data Analyst","Anywhere","Full-time","155000.0","2023-01-05 08:00:45","Motion Recruitment"
795614,"Staff Business Data Analyst (Remote U.S. OK)","Anywhere","Full-time","152625.0","2023-03-11 07:01:56","Zscaler"
565646,"Staff Business Data Analyst (Remote U.S. OK)","Anywhere","Full-time","152625.0","2023-03-07 07:01:47","Zscaler"
540057,"Lead Data Analyst, Growth (Remote)","Anywhere","Full-time","152500.0","2023-03-24 07:00:42","Rocket Money"
72957,"Management & Program Analyst (Data Analytics)","Anywhere","Full-time and Part-time","152221.5","2023-09-11 16:00:30","US Patent and Trademark Office"
456042,"Data Analyst","Anywhere","Full-time","151500.0","2023-09-25 10:59:56","Get It Recruit - Healthcare"
591850,"Mid-Level Data BI Analyst","Anywhere","Full-time","150000.0","2023-07-17 07:03:43","Patterned Learning AI"
73304,"Mid-Level Data Analyst","Anywhere","Full-time","150000.0","2023-07-05 07:01:08","Patterned Learning AI"
1402149,"Lead Data Analyst - Retirement Product Management","Anywhere","Full-time","148238.5","2023-05-09 10:04:46","Edward Jones"
1694004,"Manager - Data Analyst","Anywhere","Full-time","147285.0","2023-10-23 07:00:06","EXL Service"
712558,"Data Scientist Analyst","Anywhere","Full-time","145000.0","2023-02-13 17:13:26","ALTA IT Services"
479485,"Data Analyst","Anywhere","Full-time","145000.0","2023-03-15 16:59:55","Level"
1329162,"Data Analyst - up to 160K+","Anywhere","Full-time","145000.0","2023-04-18 17:59:59","Hire With Jarvis"
405581,"Data Analyst","Anywhere","Full-time","145000.0","2023-05-01 13:00:20","CyberCoders"
1275642,"Lead Data Analyst","Anywhere","Full-time","144481.5","2023-01-28 11:00:40","Edward Jones"
149006,"People Data Analyst","Anywhere","Full-time","140500.0","2023-07-31 15:05:01","Insight Global"
1090975,"Data Analyst","Anywhere","Full-time","140500.0","2023-03-24 07:06:43","Uber"
1392859,"Product Data Analyst","Anywhere","Full-time","140000.0","2023-02-14 08:00:35","Motion Recruitment"
1049000,"Sr. Data Analyst","Anywhere","Full-time","140000.0","2023-07-17 22:00:04","Sisense"
762220,"Qlik/Power BI Data Analyst | $130K-$150K + ESOP |100% USA-Remote","Anywhere","Full-time","140000.0","2023-01-03 04:00:05","IT Pros"
208403,"Data Manager","Anywhere","Full-time","140000.0","2023-01-26 16:01:53","Insight Global"
1300702,"Data Analyst (Product Data Analyst)","Anywhere","Full-time","139000.0","2023-08-04 21:57:48","Revolut"
388392,"Digital Marketing Data Analyst (Hybrid)","Anywhere","Full-time","138640.0","2023-08-13 07:01:06","United Services Automobile Association"
1482852,"Data Analyst","Anywhere","Full-time","138500.0","2023-11-23 12:38:59","Overmind"
350382,"Lead I - Power BI Data Analyst","Anywhere","Full-time","138000.0","2023-10-13 10:01:14","Get It Recruit - Information Technology"
835092,"Secret Data Analyst Remote / Telecommute Jobs","Anywhere","Contractor","137500.0","2023-10-20 23:00:12","Insight Global, Inc."
740073,"Data Analytics Manager","Anywhere","Full-time","137000.0","2023-07-28 09:39:55","WhiteCrow"
1326467,"Data Analyst","Anywhere","Full-time","135000.0","2023-06-26 17:00:18","EPIC Brokers"
513988,"Data Analyst - Advanced Analytics","Anywhere","Full-time","135000.0","2023-08-27 10:00:07","Get It Recruit - Hospitality"
777802,"Lead Data Analyst / SQL Developer","Anywhere","Full-time","135000.0","2023-10-13 00:02:19","Robert Half"
479965,"Data Analyst","Anywhere","Full-time","135000.0","2023-02-26 01:04:44","InvestM Technology LLC"
990420,"Data Insights Analyst III","Anywhere","Full-time","132500.0","2023-12-12 08:17:27","Get It Recruit - Information Technology"
262837,"Quantitative Scientist (Remote)","Anywhere","Full-time","132500.0","2023-01-28 08:04:56","Osmind"
311931,"Data Analyst III","Anywhere","Full-time","132500.0","2023-09-16 13:02:26","SoftDev Incorporated"
92703,"Sr. Data Analyst","Anywhere","Full-time","130000.0","2023-09-19 13:01:02","Launch Consulting Group"
21451,"Data Analyst must have telecom domain experince","Anywhere","Contractor","130000.0","2023-04-28 13:56:12","ApTask"
1209798,"Data Analyst","Anywhere","Full-time","130000.0","2023-05-08 19:02:19","Doximity"
1531276,"System Data Analyst","Anywhere","Full-time","130000.0","2023-04-11 20:00:42","Alpha Silicon"
1686779,"Data Insights Manager","Anywhere","Full-time","130000.0","2023-12-09 09:00:33","Get It Recruit - Information Technology"
447569,"Lead Data Analyst","Anywhere","Full-time","130000.0","2023-05-03 23:00:16","Kforce Technology Staffing"
1566076,"Manager, Data Analytics (Bioscience) - Remote","Anywhere","Full-time","129000.0","2023-09-19 14:00:05","Lonza"
1148444,"Data Analyst","Anywhere","Full-time","127000.0","2023-06-22 21:00:56","Acorns"
1791785,"Marketing Data Analyst (Remote)","Anywhere","Full-time","127000.0","2023-03-09 07:01:13","Cash App"
592669,"Behavioral Health Data Analyst- REMOTE","Anywhere","Full-time","126452.0","2023-07-25 17:41:14","ICF"
116211,"Sr Data Analyst - Remote","Anywhere","Full-time","126000.0","2023-08-31 20:00:20","UnitedHealthcare"
502626,"Sr Data Analyst, Consultant - Client Facing - Remote","Anywhere","Full-time","126000.0","2023-02-25 14:00:24","UnitedHealth Group"
1735665,"Mid-Level Decision Science Analyst","Anywhere","Full-time","125930.0","2023-10-01 08:01:11","USAA"
748965,"Strategy and Data Analyst, Sustainability","Anywhere","Full-time","125500.0","2023-12-14 08:00:06","Uber"
1229773,"Manager, Data Analytics & Reporting - Remote","Anywhere","Full-time","125000.0","2023-03-14 04:02:08","Infinity Consulting Solutions, Inc."
300502,"Healthcare Data Analyst","Anywhere","Full-time","125000.0","2023-08-18 17:00:58","Get It Recruit - Real Estate"
1551308,"Investment Data and Analytics Manager","Anywhere","Full-time","125000.0","2023-12-12 08:17:55","Get It Recruit - Information Technology"
1216840,"Data Analyst, Operations (Remote)","Anywhere","Full-time","125000.0","2023-02-01 07:01:02","hims & hers"
900945,"Data Analyst","Anywhere","Full-time","125000.0","2023-12-27 13:01:03","The Walt Disney Company"
285447,"Data Analyst","Anywhere","Full-time","125000.0","2023-05-26 14:59:59","Robert Half"
595967,"Data Science Analyst 2 (Pop Health)","Anywhere","Full-time","125000.0","2023-01-11 21:06:26","Starbridge Partners"
400967,"Healthcare Data Analyst (Manager)- $120,000-130,000/yr | Remote in PST","Anywhere","Full-time","125000.0","2023-08-21 22:01:23","PWR Staffing & Recruiting"
1682817,"Data Analyst: regional physical security","Anywhere","Full-time","124500.0","2023-05-27 01:00:43","Blackstone Consulting, Inc."
821092,"Data Analyst, Support Operations","Anywhere","Full-time","124000.0","2023-02-17 19:02:22","Cloudflare"
970857,"Senior Clinical Data Manager/Analyst II","Anywhere","Full-time","123249.5","2023-06-19 22:01:45","Exact Sciences Corporation"
631753,"Data Analytics Manager","Anywhere","Full-time","123000.0","2023-07-30 11:00:50","Get It Recruit - Information Technology"
596565,"Lead Analyst - Data Analytics - Remote","Anywhere","Full-time","122769.0","2023-08-31 20:30:00","ICF"
1015777,"Decision Science Analyst - Consumer Lending","Anywhere","Full-time","122500.0","2023-01-20 19:22:47","Analytic Recruiting Inc."
238020,"Business Data Analyst with SQL (Strong)","Anywhere","Full-time","122500.0","2023-06-19 17:01:37","Innova Solutions"
841943,"Financial Data Analyst","Anywhere","Full-time","122500.0","2023-07-01 19:00:19","Get It Recruit - Finance"
298860,"Sales Ops Data Analyst (Austin, TX or Remote)","Anywhere","Full-time","122000.0","2023-08-01 23:01:46","Cloudflare"
426033,"Sales Ops Data Analyst (Remote)","Anywhere","Full-time","122000.0","2023-08-01 23:00:59","CloudFlare"
236172,"Data Analytics Analyst","Anywhere","Full-time","120000.0","2023-11-04 09:00:10","Get It Recruit - Information Technology"
946582,"Senior Financial and Data Analyst | Hybrid Schedule","Anywhere","Full-time","120000.0","2023-09-18 23:40:38","Jobot"
1611348,"Lifeforce: Data Analyst (Remote)","Anywhere","Full-time","120000.0","2023-04-17 22:59:57","M13"
1191992,"Business Data Analyst","Anywhere","Contractor","120000.0","2023-04-04 15:56:17","Robert Half"
999820,"Business Intelligence Data Analyst","Anywhere","Full-time","120000.0","2023-11-29 16:00:03","LAI"
587198,"Data Architect","Anywhere","Full-time","120000.0","2023-07-18 06:35:18","Motion Recruitment"
1132443,"Risk Data Analyst","Anywhere","Full-time","119908.0","2023-06-20 16:00:30","US Development Finance Corporation (formerly Overseas Private Investment Corporation)"
876656,"Data Analyst","Anywhere","Full-time","119200.0","2023-03-25 07:59:55","CVS Health"
446029,"Data Analyst - Predictive Modeling","Anywhere","Full-time","119200.0","2023-06-09 08:00:23","CVS Health"
945180,"Data Analyst","Anywhere","Full-time","117713.0","2023-11-13 10:59:58","Get It Recruit - Healthcare"
1124418,"Lead Data Analyst","Anywhere","Full-time","117500.0","2023-12-28 10:22:27","Get It Recruit - Information Technology"
436153,"Lead Data Analyst / SQL Developer","Anywhere","Full-time","117500.0","2023-12-27 20:01:58","Robert Half"
685438,"Data Analyst","Anywhere","Full-time","117500.0","2023-09-12 23:00:51","Jobot"
131427,"Data Analyst","Anywhere","Full-time","117000.0","2023-11-12 09:00:25","Get It Recruit - Information Technology"
16358,"BI Data Analyst IV","Anywhere","Full-time","115791.5","2023-01-06 16:01:23","Kern Health Systems"
1574716,"BI Data Analyst IV","Anywhere","Full-time","115791.5","2023-01-05 04:01:12","Kern Health Systems"
1788827,"Data Analyst","Anywhere","Full-time","115791.5","2023-04-14 20:01:05","Kern Health Systems"
1772547,"QNXT/TriZetto Data Analyst","Anywhere","Full-time","115000.0","2023-01-11 16:02:49","Medasource"
728112,"Data Analyst- REMOTE","Anywhere","Full-time","115000.0","2023-05-08 20:03:17","General Dynamics Information Technology"
357990,"Data Analyst","Anywhere","Full-time","115000.0","2023-01-19 17:00:07","Robert Half"
156483,"Data/Information Architect","Anywhere","Full-time","115000.0","2023-07-06 19:33:59","Robert Half"
1403108,"Data Analyst","Anywhere","Full-time","115000.0","2023-12-24 09:00:30","Get It Recruit - Information Technology"
1139755,"Data Analyst","Anywhere","Full-time","115000.0","2023-06-01 19:00:07","Lighthouse Professional Services"
198747,"Business Data Analyst","Anywhere","Contractor","115000.0","2023-02-07 19:44:58","Robert Half"
24351,"Data Analyst","Anywhere","Full-time","115000.0","2023-04-21 14:55:10","ManyPets"
945577,"Behavioral Health Data Analyst","Anywhere","Full-time","114956.5","2023-10-24 23:09:53","ICF"
467403,"Healthcare Analytics Expert","Anywhere","Full-time","114948.0","2023-08-13 19:01:28","Get It Recruit - Healthcare"
857003,"Behavioral Health Data Analyst","Anywhere","Full-time","114805.0","2023-09-22 16:57:25","ICF"
1566879,"Data Analyst, Global Business Development","Anywhere","Full-time","114000.0","2023-11-01 07:01:10","Uber"
1354909,"Technical Business/Data Analyst (REMOTE)","Anywhere","Full-time","113500.0","2023-03-21 17:16:32","GEICO"
248219,"Data Analyst, Customer Success (Chicago, IL or Remote)","Anywhere","Full-time","112850.0","2023-09-16 23:01:25","Square"
236397,"Data Analyst","Anywhere","Full-time","112661.0","2023-07-29 20:00:11","Get It Recruit - Healthcare"
84928,"Experian Data Analyst Remote / Telecommute Jobs","Anywhere","Full-time","112500.0","2023-01-03 21:27:28","Seneca Resources, LLC"
576410,"Remote Lead Business Data Analyst (Chicago, IL or Remote)","Anywhere","Full-time","112500.0","2023-05-03 02:02:40","UL Solutions"
1728,"Data Engineer/Data Analyst","Anywhere","Full-time","112500.0","2023-05-24 19:08:14","Segue Technologies Inc"
71065,"Data Analyst Remote / Telecommute Jobs","Anywhere","Full-time","112500.0","2023-11-21 21:00:05","Paratus Solutions LLC"
1006256,"Data Analyst","Anywhere","Full-time","112500.0","2023-01-08 01:03:25","InvestM Technology LLC"
185960,"Data Analyst","Anywhere","Full-time","112500.0","2023-12-03 09:00:01","Get It Recruit - Information Technology"
147455,"Data Analyst (Remote)","Anywhere","Full-time","112050.0","2023-02-02 07:00:30","Cisco Meraki"
958872,"Data Analyst","Anywhere","Full-time and Part-time","111500.0","2023-10-20 16:00:12","IBM"
1047698,"Data Analyst","Anywhere","Full-time","110000.0","2023-03-14 16:45:26","Insight Global"
1210470,"Data Analyst","Anywhere","Contractor","110000.0","2023-09-20 16:03:42","Convergenz"
885463,"Master Data Analyst","Anywhere","Full-time","110000.0","2023-07-30 14:01:53","Executive Search Partners LLC"
1490432,"Retail Systems Data Analyst","Anywhere","Full-time","110000.0","2023-06-09 09:01:47","Get It Recruit - Information Technology"
409831,"Data Analyst","Anywhere","Full-time","110000.0","2023-12-21 08:00:00","Trinity Solar Careers"
1814437,"Data Analyst","Anywhere","Full-time","110000.0","2023-08-18 17:00:55","Get It Recruit - Real Estate"
894317,"Data Analyst","Anywhere","Full-time","110000.0","2023-12-24 10:00:33","Get It Recruit - Transportation"
446319,"Data Analyst","Anywhere","Full-time","110000.0","2023-09-10 10:00:17","Get It Recruit - Finance"
1348516,"Master Data Analyst","Anywhere","Full-time","110000.0","2023-10-02 21:23:46","Executive Search Partners LLC"
412163,"Medicaid Data Analyst","Anywhere","Contractor","110000.0","2023-06-26 16:04:19","Apex Systems"
321727,"Data Analyst III","Anywhere","Full-time","110000.0","2023-10-30 21:00:33","CREDITSERVE INC"
1592165,"SQL DEVELOPER / DATA ANALYST (Insurance industry Experience) ...","Anywhere","Full-time","110000.0","2023-01-26 13:03:57","Robert Half"
1434170,"Data Analyst III","Anywhere","Full-time","110000.0","2023-11-09 00:21:53","CREDITSERVE INC"
480243,"Data Analyst - Remote","Anywhere","Full-time","110000.0","2023-01-06 20:01:36","Cava Connect"
991817,"Data Analyst","Anywhere","Full-time","110000.0","2023-10-23 16:00:17","Get It Recruit - Finance"
382334,"Energy Data Analyst","Anywhere","Full-time","110000.0","2023-08-30 21:00:05","DNV"
1574686,"Data Analyst","Anywhere","Contractor","110000.0","2023-04-13 20:38:26","Insight Global"
991303,"EDI Data Analyst/Business Systems Analyst III  (Great Place to...","Anywhere","Full-time","109600.0","2023-06-05 14:02:08","Paradigm"
480984,"Portfolio Data Analyst (Remote)","Anywhere","Full-time","108500.0","2023-03-25 02:59:58","Addepar"
1119269,"Data Analyst","Anywhere","Full-time","107500.0","2023-08-28 02:01:03","CODING DOJO INC."
65900,"Data and Process Modeling Analyst","Anywhere","Full-time","107500.0","2023-12-30 13:59:59","Get It Recruit - Hospitality"
1795029,"Data Analyst - Remote","Anywhere","Full-time","107500.0","2023-09-20 09:01:27","Dice"
600392,"REMOTE PowerBI Data Analyst","Anywhere","Full-time","107500.0","2023-04-04 17:05:54","Insight Global"
255533,"IT Data Analyst - Remote | WFH","Anywhere","Full-time","107500.0","2023-10-06 14:59:57","Get It Recruit - Information Technology"
1026200,"Data Analyst, Finance and Accounting (Remote)","Anywhere","Full-time","107500.0","2023-03-24 03:00:00","Rhino"
107274,"Data Analyst","Anywhere","Full-time","106562.5","2023-09-05 17:00:45","Cherry Bekaert Advisory, LLC"
55833,"Data Governance Analyst II - Frameworks, Standards, & Policies","Anywhere","Full-time","106479.0","2023-08-03 11:02:09","Edward Jones"
617583,"Data Analyst II - Firm Analytics","Anywhere","Full-time","106479.0","2023-09-04 14:01:59","Edward Jones"
228239,"Data Analyst II - Firm Analytics","Anywhere","Full-time","106479.0","2023-11-15 08:02:28","Edward Jones"
800017,"Data Analyst","Anywhere","Full-time","106000.0","2023-08-12 09:00:10","Get It Recruit - Information Technology"
1454946,"Market Research & Data Analyst","Anywhere","Full-time","106000.0","2023-08-12 10:00:05","Get It Recruit - Information Technology"
426601,"Product Data Analyst","Anywhere","Full-time","105000.0","2023-06-12 21:00:01","Syrup"
1069248,"Data Analyst","Anywhere","Full-time","105000.0","2023-02-09 15:26:09","Starr And Associates LLC"
1309967,"Sr Data Analyst","Anywhere","Full-time","105000.0","2023-04-23 13:00:14","CyberCoders"
1091932,"Healthcare Data Analyst","Anywhere","Full-time","105000.0","2023-11-24 09:00:39","Get It Recruit - Healthcare"
371104,"Clinical Data Analyst","Anywhere","Full-time","105000.0","2023-01-23 22:01:31","Modis"
936268,"Marketing Data Analyst","Anywhere","Full-time","105000.0","2023-06-29 19:01:21","Syndicatebleu"
1344229,"Data Analyst","Anywhere","Full-time","105000.0","2023-10-23 13:52:28","Vista Global Solutions, LLC"
1640497,"Senior Analyst, Government Reporting","Anywhere","Full-time","105000.0","2023-09-24 17:00:10","Cnam - Auditeurs - Accueil"
601788,"Data Visualization Analyst","Anywhere","Full-time","105000.0","2023-10-15 08:00:07","Get It Recruit - Information Technology"
909000,"Associate Director, Data Analysis","Anywhere","Full-time","105000.0","2023-01-27 16:59:59","EL Education (Formerly Expeditionary Learning)"
1352378,"Building Management System Data Analyst","Anywhere","Full-time","105000.0","2023-08-16 10:00:34","Vantage Consulting"
748403,"Sales Comp Data Analyst (Remote, U.S.)","Anywhere","Full-time","104300.0","2023-07-14 06:00:11","Pitney Bowes"
380744,"Health Information Management Data Analyst III","Anywhere","Full-time","104106.5","2023-06-06 20:00:52","Health Plan of San Mateo"
909351,"Data Analyst","Anywhere","Full-time","104000.0","2023-12-04 09:01:13","Get It Recruit - Information Technology"
1559111,"Healthcare Data Analyst","Anywhere","Full-time","103500.0","2023-12-15 09:01:01","Get It Recruit - Information Technology"
1061483,"Data and Analytics Analyst","Anywhere","Full-time","103049.5","2023-08-08 10:52:20","Get It Recruit - Finance"
1679633,"Data Wrangling and Visualization Manager","Anywhere","Full-time","103000.0","2023-12-27 13:39:49","Get It Recruit - Information Technology"
1667594,"Data Integration Analyst","Anywhere","Full-time","103000.0","2023-04-17 20:00:52","AIDS Healthcare Foundation"
707689,"Epic Chronicles Database Analyst","Anywhere","Full-time","103000.0","2023-11-23 09:01:46","Get It Recruit - Information Technology"
61021,"Data Analyst","Anywhere","Full-time and Contractor","102500.0","2023-10-10 16:04:08","The Phoenix Group"
949643,"Data Analyst","Anywhere","Full-time","102500.0","2023-06-25 08:23:34","Get It Recruit - Information Technology"
535535,"Data Analyst","Anywhere","Full-time","102500.0","2023-04-05 15:01:31","Orion Groups"
523374,"Data Analyst","Anywhere","Contractor","102500.0","2023-06-06 15:01:10","Insight Global"
1277458,"Data Analyst","Anywhere","Full-time","102250.0","2023-09-20 22:00:41","ZipRecruiter"
1526567,"Data Analyst - Healthcare Industry (Remote)","Anywhere","Full-time","102000.0","2023-04-21 08:00:05","Get It Recruit - Information Technology"
1378977,"Remote Data Analyst III","Anywhere","Full-time","102000.0","2023-04-15 08:46:46","Get It Recruit - Information Technology"
4420,"Senior System/Data Analyst","Anywhere","Full-time","102000.0","2023-11-04 09:00:13","Get It Recruit - Information Technology"
1440,"Data Analyst - Empowering Insights for a Healthier Future","Anywhere","Full-time","101500.0","2023-07-15 09:01:03","Get It Recruit - Information Technology"
1234973,"Data Analyst","Anywhere","Full-time","101500.0","2023-07-09 10:00:11","Get It Recruit - Information Technology"
686507,"Data Analyst","Anywhere","Full-time","101500.0","2023-07-06 09:02:07","Get It Recruit - Information Technology"
136192,"Healthcare Data Analyst- Hybrid","Anywhere","Full-time","100400.0","2023-11-27 07:01:02","UnitedHealth Group"
1519017,"Sr Supplemental Data Analyst - Remote","Anywhere","Full-time","100400.0","2023-02-27 12:01:00","UnitedHealth Group"
838504,"Data Analyst 2 - Remote","Anywhere","Full-time","100400.0","2023-02-26 01:01:04","Optum"
1514995,"Data analyst remote","Anywhere","Full-time","100400.0","2023-12-23 23:40:47","UnitedHealth Group"
262921,"Tableau Data Analyst","Anywhere","Full-time","100000.5","2023-05-05 20:00:02","SAIC"
1331634,"Data Analyst - Investment Management","Anywhere","Contractor","100000.0","2023-04-08 16:02:36","InvestM Technology LLC"
309300,"Business Data Analyst","Anywhere","Full-time","100000.0","2023-05-15 16:00:39","Scaleai"
736533,"Data Analyst","Anywhere","Full-time","100000.0","2023-05-11 20:00:22","LHH"
1217891,"Data Analytics Manager","Anywhere","Full-time","100000.0","2023-12-19 08:01:16","Get It Recruit - Information Technology"
734020,"Data Analyst","Anywhere","Full-time","100000.0","2023-12-22 22:00:02","Govcio LLC"
43545,"Data Analyst - Healthcare","Anywhere","Full-time","100000.0","2023-01-22 14:05:22","InvestM Technology LLC"
524146,"Data Analyst","Anywhere","Full-time","100000.0","2023-02-23 18:01:48","Hearth"
327502,"Lead Data Analyst / SQL Developer","Anywhere","Full-time","100000.0","2023-09-08 00:02:13","Robert Half"
882690,"Marketing Data Analyst","Anywhere","Full-time","100000.0","2023-06-19 23:00:06","LHH"
1785328,"Healthcare Quality Data Analyst","Anywhere","Full-time","100000.0","2023-04-25 16:02:04","Insight Global Healthcare"
420972,"Data Conversion Analyst","Anywhere","Full-time","100000.0","2023-06-23 14:22:13","Insight Global"
670899,"Research Data Analyst","Anywhere","Full-time","99746.90625","2023-10-12 04:00:55","Calbright College"
1733276,"Senior Earth Observation Data Analyst","Anywhere","Full-time","99500.0","2023-07-06 09:00:14","Get It Recruit - Information Technology"
1064019,"Legal Project Management Data Analyst","Anywhere","Full-time","99500.0","2023-07-24 17:02:21","Ogletree Deakins"
867791,"Data Analyst III - SQL Analytics - Remote | WFH","Anywhere","Full-time","99000.0","2023-03-04 10:01:39","Get It Recruit - Technology"
1332763,"Research Data Analyst (remote)","Anywhere","Full-time","98800.0","2023-05-04 01:00:43","Ad Hoc Team"
284410,"Data Analyst","Anywhere","Full-time","98750.0","2023-09-16 09:02:30","Goldbelt, Inc."
1149238,"Data Analyst IV (Healthcare Analytics) - Remote | WFH","Anywhere","Full-time","98500.0","2023-02-27 08:01:19","Get It Recruit - Technology"
1044426,"Remote Epic Bridges Analyst with Data Conversion Expertise","Anywhere","Full-time","98000.0","2023-11-30 08:02:18","Get It Recruit - Information Technology"
1691565,"Data Analyst - Healthcare","Anywhere","Full-time","97500.0","2023-01-26 22:06:18","InvestM Technology LLC"
498516,"Mid-Level Data Analyst - Python/SQL/PowerBI/Tableau","Anywhere","Full-time","97500.0","2023-05-30 07:01:57","Motion Recruitment"
630777,"Quantitative Data Analyst (CRE / CMBS)","Anywhere","Full-time","97500.0","2023-10-20 14:00:09","CRED iQ"
1714018,"Privacy Data Analyst- (remote)","Anywhere","Full-time","97500.0","2023-01-09 20:01:32","Cognizant Technology Solutions"
35406,"Provider Data Configuration Analyst IV","Anywhere","Full-time","97070.5","2023-12-20 22:00:34","Central California Alliance for Health (Remote)"
339556,"Lead Master Data Analyst (Remote or Onsite)","Anywhere","Full-time","97000.0","2023-05-09 07:01:26","Driscoll's"
1299756,"Data Analyst (Apex Legends)","Anywhere","Full-time","96400.0","2023-06-22 19:01:06","Respawn Entertainment"
1791218,"Data Analyst","Anywhere","Full-time","95700.0","2023-01-20 03:00:21","Booz Allen Hamilton"
703426,"Data Analyst (QA)","Anywhere","Full-time","95680.0","2023-01-05 16:00:49","Insight Global"
1601917,"Data Analyst (QA)","Anywhere","Full-time","95680.0","2023-01-05 04:01:14","Insight Global"
1519639,"Data Analyst, Mid","Anywhere","Full-time","95650.0","2023-08-30 20:01:43","Booz Allen Hamilton"
735880,"Data Analyst Lead - Remote","Anywhere","Full-time","95500.0","2023-05-18 01:00:30","Olympus Corporation of the Americas"
354407,"Data Analyst","Anywhere","Full-time","95329.0","2023-08-11 14:00:49","Get It Recruit - Finance"
690438,"Risk Adjustment Data Analytics Lead","Anywhere","Full-time","95150.0","2023-07-26 09:00:37","CVS Health"
1355313,"Data Integration Analyst","Anywhere","Full-time","95000.0","2023-07-20 09:00:43","United Site Services"
1491918,"Informatics Data Analyst II","Anywhere","Full-time","95000.0","2023-03-29 18:17:06","IDR, Inc."
945198,"Program/Data Analyst (Health Services) Remote!","Anywhere","Full-time","95000.0","2023-07-03 08:01:42","General Dynamics Information Technology"
1230135,"Data Analyst, Financial Services","Anywhere","Full-time","95000.0","2023-01-23 19:00:02","Earnest Analytics"
1240374,"Data Analyst","Anywhere","Full-time","95000.0","2023-04-18 14:00:17","Insight Global"
1467775,"Data Analyst","Anywhere","Contractor","95000.0","2023-07-12 18:04:03","Insight Global"
430230,"Data Analyst III (REMOTE)","Anywhere","Full-time","95000.0","2023-06-14 12:25:49","Ryder System"
369634,"Data Analyst - Looker","Anywhere","Full-time","95000.0","2023-02-23 14:22:02","Hays"
1156421,"Data Analyst Role","Anywhere","Full-time","95000.0","2023-02-25 00:00:20","Motion Recruitment"
1359967,"(Remote) Marketing Data Analyst","Anywhere","Full-time","95000.0","2023-05-26 14:00:22","Clark Associates"
334078,"Data Analyst * Work from home","Anywhere","Full-time","95000.0","2023-10-12 00:00:16","American Red Cross"
328827,"Data Analyst (Greater LA Area, CA or Remote)","Anywhere","Full-time","95000.0","2023-01-06 19:01:21","HopSkipDrive"
542425,"Data Analyst","Anywhere","Full-time","95000.0","2023-01-04 17:05:22","Jobot"
78069,"Data Analyst","Anywhere","Full-time","95000.0","2023-10-31 00:03:00","Polygence"
796604,"Data Analyst","Anywhere","Full-time","95000.0","2023-11-03 18:52:30","Polygence"
204667,"Data Analyst","Anywhere","Full-time","95000.0","2023-10-10 20:00:44","Get It Recruit - Finance"
1127339,"Data Analyst","Anywhere","Full-time","94871.5","2023-08-25 15:00:17","Protect Democracy"
961597,"Sustainability Oversight Data Lead Analyst - Remote","Anywhere","Full-time","94400.0","2023-09-05 18:00:22","The Cigna Group"
1243771,"Business Data Analyst","Anywhere","Full-time","94000.0","2023-06-16 08:00:21","Tactis LLC"
133125,"Statistical Data Analyst","Anywhere","Full-time","93000.0","2023-11-21 15:00:03","Get It Recruit - Information Technology"
75704,"Data Analyst","Anywhere","Full-time","93000.0","2023-09-13 09:03:50","Get It Recruit - Information Technology"
960363,"Sr. People Data Analyst","Anywhere","Full-time","92750.0","2023-04-12 14:59:52","Medidata Solutions"
1098113,"Data Analyst [70649]","Anywhere","Full-time","92500.0","2023-02-24 21:00:39","0nward Select"
1190547,"Operations Data Analyst (Greater LA Area, CA or Remote)","Anywhere","Full-time","92500.0","2023-02-02 07:00:32","HopSkipDrive"
758193,"Data Analyst (US REMOTE)","Anywhere","Full-time","92500.0","2023-02-15 00:50:02","LeanTaaS"
738823,"Data Insights Analyst (all genders) - Remote","Anywhere","Full-time","92000.0","2023-09-04 09:18:09","OUTFITTERY"
1178655,"Data Analyst","Anywhere","Full-time","91000.0","2023-12-05 12:00:38","Get It Recruit - Information Technology"
914174,"Data Analyst, Supply Chain (Remote)","Anywhere","Full-time","90000.0","2023-01-04 03:34:13","Home Depot / THD"
648986,"Healthcare Data Analyst","Anywhere","Full-time","90000.0","2023-10-01 15:00:46","Get It Recruit - Finance"
116825,"Data Analyst","Anywhere","Full-time","90000.0","2023-04-12 17:00:09","hackajob"
514485,"Health Data Lead Analyst - Fully Remote","Anywhere","Full-time","90000.0","2023-07-15 10:00:20","Constant Associates"
1560173,"100% REMOTE Data Analyst","Anywhere","Full-time","90000.0","2023-01-20 17:00:34","CyberCoders"
581546,"Clinical Data Analyst","Anywhere","Full-time","90000.0","2023-08-10 15:11:23","Engage Partners Inc."
714930,"Data Analyst","Anywhere","Full-time","90000.0","2023-01-10 08:00:06","Motion Recruitment"
1186631,"Healthcare Data Analyst","Anywhere","Full-time","90000.0","2023-03-22 20:07:09","Adaptive Solutions Group"
419649,"Data Analyst","Anywhere","Full-time","90000.0","2023-10-10 20:01:18","Get It Recruit - Finance"
196796,"Data Analyst","Anywhere","Full-time","90000.0","2023-08-19 10:21:49","Angi"
258262,"Data Analyst","Anywhere","Full-time","90000.0","2023-09-11 10:00:24","Get It Recruit - Real Estate"
293077,"Data Analyst","Anywhere","Full-time","90000.0","2023-12-13 10:00:11","Get It Recruit - Administrative"
846860,"Real Estate Data Analyst","Anywhere","Full-time","90000.0","2023-09-12 10:01:41","Get It Recruit - Real Estate"
1244897,"Data Analyst","Anywhere","Full-time","90000.0","2023-09-11 10:00:24","Get It Recruit - Real Estate"
1647550,"Data Analyst","Anywhere","Full-time","90000.0","2023-04-28 10:57:37","Get It Recruit - Finance"
1152523,"Real Estate Transaction Data Analyst","Anywhere","Full-time","90000.0","2023-09-21 22:00:08","Get It Recruit - Real Estate"
680315,"Data Analyst","Anywhere","Full-time","90000.0","2023-05-28 19:14:00","Gotely"
1729407,"Data Analyst","Anywhere","Full-time","90000.0","2023-06-14 14:02:19","General Dynamics Information Technology"
321007,"Data Analysis Manager","Anywhere","Full-time","90000.0","2023-02-23 08:00:38","Maximus"
354417,"Data Analyst","Anywhere","Full-time","90000.0","2023-03-09 01:00:37","EcoCart"
468153,"Telecom Data Analyst","Anywhere","Full-time","90000.0","2023-07-16 00:03:10","Axelerate"
811436,"Strategic Data Analyst","Anywhere","Full-time","90000.0","2023-12-25 12:00:51","Get It Recruit - Finance"
1810744,"Data Analyst","Anywhere","Full-time","90000.0","2023-03-13 11:58:05","Venteon"
391159,"Data Science Analyst","Anywhere","Full-time","90000.0","2023-01-11 08:00:02","CVS Health"
613034,"Credit Data Analyst","Anywhere","Full-time","90000.0","2023-09-09 18:00:51","Get It Recruit - Finance"
326110,"Healthcare Data Analyst","Anywhere","Full-time","90000.0","2023-03-06 00:00:02","Preveta"
382064,"Data Analyst or Data Scientist","Anywhere","Full-time","90000.0","2023-12-29 12:00:51","Get It Recruit - Finance"
1228142,"Data Analyst","Anywhere","Full-time","90000.0","2023-09-22 01:00:12","Grant Leading Technology, LLC"
25749,"Fraud Data Analyst","Anywhere","Full-time","90000.0","2023-10-19 19:01:08","Get It Recruit - Finance"
663590,"Data Analyst 2 - Albany - Research and Statistics","Anywhere","Full-time","89833.5","2023-02-16 00:00:26","Labor, Department of"
122927,"Data Analyst (Modeling) (Remote)","Anywhere","Full-time","89796.0","2023-05-01 18:01:05","Heluna Health"
1618146,"Mobile Data Analyst","Anywhere","Full-time","89500.0","2023-06-28 17:00:29","Verizon"
833662,"Marketing Data Analyst (Remote)","Anywhere","Full-time","89000.0","2023-07-31 17:00:15","World Education Services"
660036,"Senior Supply Chain Analytics Analyst","Anywhere","Full-time","89000.0","2023-10-12 13:02:19","Get It Recruit - Transportation"
1657752,"Supply Chain Data Analyst","Anywhere","Full-time","88000.0","2023-07-01 07:00:00","Get It Recruit - Transportation"
1209792,"Health Data Systems Analyst","Anywhere","Full-time","88000.0","2023-08-23 09:02:26","Get It Recruit - Information Technology"
352252,"Media Data Analyst/Media Coordinator","Anywhere","Full-time","87500.0","2023-09-10 11:00:02","Get It Recruit - Administrative"
826590,"Data Analyst","Anywhere","Contractor","87500.0","2023-01-07 12:01:31","Beacon Hill Staffing Group"
748524,"Senior Financial and Data Analyst","Anywhere","Full-time","87500.0","2023-06-30 21:00:14","Oxfam America"
1489901,"Data Analyst","Anywhere","Full-time","87500.0","2023-03-10 17:08:02","Predictive Data Lab"
915649,"Data Analyst","Anywhere","Full-time","87500.0","2023-06-01 09:01:06","Get It Recruit - Information Technology"
66566,"Healthcare Data Analyst","Anywhere","Full-time","87500.0","2023-06-26 16:56:05","Vatica Health"
30317,"Data Analyst","Anywhere","Full-time","87500.0","2023-04-28 20:56:12","Insight Global"
1433360,"Data Analyst - New Grad - Remote","Anywhere","Full-time","87500.0","2023-09-04 15:01:59","SeatGeek"
961041,"Treasury Data Analyst II","Anywhere","Full-time","87000.0","2023-12-08 09:01:07","Get It Recruit - Information Technology"
916210,"Treasury Data Analyst II","Anywhere","Full-time","87000.0","2023-11-22 09:01:38","Get It Recruit - Information Technology"
401243,"Remote Data Analyst","Anywhere","Full-time","86500.0","2023-04-16 09:01:19","Get It Recruit - Information Technology"
1704094,"Remote Data Analyst","Anywhere","Full-time","86500.0","2023-04-16 10:01:19","Get It Recruit - Information Technology"
456839,"Telecom Data Analyst","Anywhere","Full-time","86000.0","2023-04-21 08:01:49","Get It Recruit - Information Technology"
1638633,"Data Governance Analyst","Anywhere","Full-time","85500.0","2023-06-10 10:01:36","Get It Recruit - Information Technology"
1782272,"Marketing Data Analyst","Anywhere","Full-time","85000.0","2023-01-14 04:03:04","FocusKPI Inc."
1085007,"Data Analyst (Remote)","Anywhere","Full-time","85000.0","2023-09-18 22:59:58","DeepIntent"
1640252,"Data Analyst","Anywhere","Full-time","85000.0","2023-11-16 08:00:11","Get It Recruit - Information Technology"
1458260,"Data Analyst / Software Developer","Anywhere","Full-time","85000.0","2023-12-19 14:00:20","QSE7, LLC"
1112585,"Senior Data Analyst II","Anywhere","Full-time","85000.0","2023-08-28 17:00:25","BlueLabs Analytics, Inc."
196337,"Predictive Data Analyst","Anywhere","Full-time","85000.0","2023-03-14 18:53:49","SimioCloud"
50602,"Data Analyst & Dashboard Developer","Anywhere","Full-time","85000.0","2023-05-17 08:59:58","Impact Genome"
1762396,"Data Analyst & Dashboard Developer","Anywhere","Full-time","85000.0","2023-03-11 20:00:00","Impact Genome"
382000,"Healthcare Data Analyst","Anywhere","Full-time","85000.0","2023-09-26 15:19:19","Prime Team Partners"
314738,"Growth Data Analyst","Anywhere","Full-time","85000.0","2023-11-16 08:01:44","Get It Recruit - Information Technology"
27772,"Data Analyst - DHS Clearance Required Remote / Telecommute Jobs","Anywhere","Full-time","85000.0","2023-10-04 16:00:22","Redwood Strategy Group"
1201469,"Data Analyst (Hybrid - Remote/1-2 days office)/DC Metro","Anywhere","Full-time","85000.0","2023-06-20 14:00:23","Peopletek"
384007,"Data Analyst","Anywhere","Full-time","85000.0","2023-07-24 07:01:42","Motion Recruitment"
1215316,"Data Analyst & Dashboard Developer","Anywhere","Full-time","85000.0","2023-04-04 20:00:01","Impact Genome"
710614,"Data Mining Analyst","Anywhere","Full-time","85000.0","2023-03-28 18:02:56","Envision Staffing Solutions"
52176,"PPM Data Analyst - Remote","Anywhere","Full-time","85000.0","2023-02-03 21:01:33","Mint Mobile"
1766497,"Healthcare Data Analyst","Anywhere","Full-time","84950.0","2023-12-08 15:45:33","Get It Recruit - Healthcare"
1811540,"Business Data Analyst","Anywhere","Full-time","84800.0","2023-04-10 07:00:36","Ronin Staffing"
547661,"Data Analyst","Anywhere","Full-time","84500.0","2023-11-06 08:01:33","Get It Recruit - Information Technology"
1540216,"Marketing Data Analyst","Anywhere","Full-time","84500.0","2023-10-12 08:02:47","Get It Recruit - Information Technology"
1736157,"Asset Verification Data Analyst","Anywhere","Full-time","84500.0","2023-11-06 09:00:10","Get It Recruit - Information Technology"
1163106,"Finance Data Analyst","Anywhere","Full-time","84500.0","2023-11-20 08:00:03","Get It Recruit - Information Technology"
133854,"Pricing Data Analyst","Anywhere","Full-time","84500.0","2023-11-18 20:00:27","Get It Recruit - Finance"
1813745,"Data Platform Analyst","Anywhere","Full-time","84500.0","2023-11-28 08:01:02","Get It Recruit - Information Technology"
444259,"Data Analyst","Anywhere","Full-time","84500.0","2023-11-29 10:03:49","Get It Recruit - Information Technology"
104800,"Financial Data Analyst","Anywhere","Full-time","84500.0","2023-11-28 08:02:06","Get It Recruit - Information Technology"
367476,"Data Analyst","Anywhere","Full-time","84500.0","2023-10-30 08:00:00","Get It Recruit - Information Technology"
496663,"Data Analyst","Anywhere","Full-time","84500.0","2023-11-06 08:00:07","Get It Recruit - Information Technology"
398669,"Experienced Data Analyst","Anywhere","Full-time","84500.0","2023-10-29 09:01:47","Get It Recruit - Information Technology"
894665,"Data Analyst","Anywhere","Full-time","84000.0","2023-12-24 09:59:54","Get It Recruit - Information Technology"
858421,"Data Analyst Intern","Anywhere","Full-time and Internship","84000.0","2023-12-25 09:01:14","Get It Recruit - Information Technology"
23358,"Data Analyst","Anywhere","Full-time","84000.0","2023-10-09 09:01:53","Get It Recruit - Information Technology"
122796,"Marketing Data Analyst","Anywhere","Full-time","84000.0","2023-09-22 09:03:34","Get It Recruit - Information Technology"
1761702,"Business Data Analyst","Anywhere","Full-time","84000.0","2023-12-24 09:59:52","Get It Recruit - Information Technology"
1683817,"Data Analyst","Anywhere","Full-time","84000.0","2023-12-14 09:01:24","Get It Recruit - Information Technology"
998283,"Data Analyst - Remote US","Anywhere","Full-time","84000.0","2023-12-13 09:01:55","Get It Recruit - Information Technology"
1551217,"Data Analyst","Anywhere","Full-time","84000.0","2023-12-29 11:59:56","Get It Recruit - Information Technology"
918810,"Healthcare Data Analyst","Anywhere","Full-time","84000.0","2023-10-03 06:01:16","Get It Recruit - Information Technology"
1156181,"Remote Data Analyst","Anywhere","Full-time","84000.0","2023-11-11 09:01:30","Get It Recruit - Information Technology"
1544793,"Early Career Data Analyst","Anywhere","Full-time","84000.0","2023-12-19 08:01:56","Get It Recruit - Information Technology"
1155449,"Data Analyst- Early Career Quality Engineer","Anywhere","Full-time","84000.0","2023-12-19 08:01:56","Get It Recruit - Information Technology"
1558833,"Data Analyst","Anywhere","Full-time","84000.0","2023-12-10 07:54:01","Get It Recruit - Information Technology"
197120,"Accountant/Data Analyst","Anywhere","Full-time","83500.0","2023-05-25 19:00:40","Robert Half"
1128758,"Data Analyst with PowerBI expertise","Anywhere","Full-time","83500.0","2023-08-23 09:01:55","Get It Recruit - Information Technology"
309335,"Data Analyst","Anywhere","Full-time","83500.0","2023-09-10 10:00:14","Get It Recruit - Information Technology"
1632454,"Data Analyst","Anywhere","Full-time","83500.0","2023-05-09 17:13:06","Insight Global"
1618469,"Data Quality Analyst","Anywhere","Full-time","83500.0","2023-09-17 09:00:12","Get It Recruit - Information Technology"
1366794,"Data Analyst","Anywhere","Full-time","83500.0","2023-08-18 09:00:16","Get It Recruit - Information Technology"
1153109,"Data Analyst","Anywhere","Full-time","83500.0","2023-09-14 14:02:20","Get It Recruit - Information Technology"
457003,"Data Analyst - Part Time (Greater NYC Area, NY or Remote)","Anywhere","Part-time","83200.0","2023-09-22 02:59:54","Memorial Sloan Kettering Cancer Center"
604141,"Data Analyst","Anywhere","Full-time","83000.0","2023-03-24 13:01:53","Alameda Health Consortium/Community Health Center Network"
1005824,"Budget Data Analyst (Power BI/Excel/VBA expert)","Anywhere","Full-time","83000.0","2023-06-20 20:01:45","General Dynamics Information Technology"
1656466,"Data Analyst","Anywhere","Full-time","83000.0","2023-08-13 11:00:02","Get It Recruit - Information Technology"
373211,"Data Governance Project Data Analyst","Anywhere","Full-time","83000.0","2023-08-06 10:00:55","Get It Recruit - Information Technology"
984993,"Data Analyst","Anywhere","Full-time","82750.0","2023-12-18 23:11:07","Luxury Presence"
337179,"Part-time Data Analyst","Anywhere","Part-time","82500.0","2023-07-25 16:00:27","Get It Recruit - Information Technology"
838391,"Data Insight Analyst","Anywhere","Full-time","82500.0","2023-07-15 09:01:46","Get It Recruit - Information Technology"
1795056,"Clinical Research Data Programmer Analyst","Anywhere","Full-time","82500.0","2023-10-06 15:00:05","Vitalief Inc."
908469,"Data Analyst/Report Writer","Anywhere","Full-time","82500.0","2023-07-19 08:01:30","Get It Recruit - Information Technology"
1758551,"Healthcare Data Analyst - Remote in RI","Anywhere","Full-time","82500.0","2023-09-09 08:00:21","Complete HR Solutions"
95123,"Data Analyst","Anywhere","Full-time","82500.0","2023-07-24 10:01:08","Get It Recruit - Information Technology"
1727059,"Technical/Data Analyst","Anywhere","Full-time","82500.0","2023-07-28 09:00:01","Get It Recruit - Information Technology"
103900,"Data Analyst","Anywhere","Full-time","82500.0","2023-07-05 09:01:11","Get It Recruit - Information Technology"
427343,"Data Delivery Analyst","Anywhere","Full-time","82500.0","2023-11-18 09:00:05","Get It Recruit - Information Technology"
1269187,"Data Analyst with PowerBI Dashboards Experience","Anywhere","Full-time","82500.0","2023-07-24 10:02:16","Get It Recruit - Information Technology"
672574,"Data Analyst","Anywhere","Full-time","82500.0","2023-06-22 22:00:56","Emotive"
863059,"Accounting / Data Analyst","Anywhere","Full-time","82500.0","2023-01-13 19:06:49","Confidential"
1621876,"Data Analyst (Tableau)","Anywhere","Full-time","82500.0","2023-09-08 14:00:41","Customer Value Partners"
1715658,"Data Analyst","Anywhere","Full-time","82500.0","2023-07-18 14:01:01","Get It Recruit - Information Technology"
934891,"Data Analysts- Capital Markets Team","Anywhere","Full-time","82500.0","2023-01-30 17:02:30","CyberCoders"
879043,"SQL Data Analyst - Healthcare","Anywhere","Full-time","82350.5","2023-07-22 06:59:58","Village Care"
318830,"Business Data Analyst II","Anywhere","Full-time","82000.0","2023-06-26 11:56:08","Get It Recruit - Information Technology"
5174,"Data Analyst - Ad Tech and Google Ad Manager Experience (Remote)","Anywhere","Full-time","82000.0","2023-06-21 09:52:38","Get It Recruit - Information Technology"
463381,"Data Analyst (Junior/Mid/Senior) - Remote - Defense Manpower Data...","Anywhere","Full-time","82000.0","2023-06-25 09:00:11","Get It Recruit - Information Technology"
288466,"Research Data Analyst I","Anywhere","Full-time","82000.0","2023-06-18 12:01:45","Get It Recruit - Information Technology"
1115037,"Data Analyst","Anywhere","Full-time","82000.0","2023-06-18 12:00:16","Get It Recruit - Information Technology"
1296038,"Data Analyst","Anywhere","Full-time","82000.0","2023-07-23 09:59:52","Get It Recruit - Information Technology"
223644,"Pharmacy Data Analyst","Anywhere","Full-time","81500.0","2023-06-14 09:02:06","Get It Recruit - Information Technology"
1638787,"Lead Data Analyst - Looker Studio Expert","Anywhere","Full-time","81500.0","2023-06-14 09:00:32","Get It Recruit - Information Technology"
1436603,"Data Analyst, Mortgage Enforcement Unit, Remote Opportunity","Anywhere","Full-time","81047.0","2023-02-03 17:00:00","New York State Office of the Attorney General"
980665,"Data Analyst","Anywhere","Full-time","81000.0","2023-05-16 10:01:01","Get It Recruit - Information Technology"
413083,"Data Analyst","Anywhere","Contractor","81000.0","2023-06-06 10:01:41","Get It Recruit - Information Technology"
143947,"Data Analyst","Anywhere","Full-time","81000.0","2023-05-11 14:00:09","Get It Recruit - Information Technology"
606788,"Data Analytics and Reporting Analyst","Anywhere","Full-time","81000.0","2023-09-09 09:00:05","Get It Recruit - Information Technology"
1025744,"Research Data Analyst-","Anywhere","Full-time and Temp work","80740.0","2023-11-25 02:00:36","InsideHigherEd"
1472332,"Lead Data Analyst for Big Data Projects","Anywhere","Full-time","80500.0","2023-04-23 08:01:44","Get It Recruit - Information Technology"
1049953,"Data Analyst","Anywhere","Full-time","80500.0","2023-08-15 21:00:29","California State University"
670376,"Data Analyst","Anywhere","Full-time","80500.0","2023-09-01 10:00:32","Get It Recruit - Finance"
711091,"Data Analyst - Underwriting","Anywhere","Full-time","80250.0","2023-04-01 11:01:29","Automobile Club of Southern California"
550113,"Junior Data Analyst","Anywhere","Full-time","80000.0","2023-06-20 07:01:39","Motion Recruitment"
519106,"Data Analytics Manager","Anywhere","Full-time","80000.0","2023-10-11 23:31:55","Itemize Corp."
911869,"Sr. Business Analyst/Data Analyst","Anywhere","Full-time","80000.0","2023-06-21 16:02:08","CBRE"
564679,"Junior Data Analyst","Anywhere","Full-time","80000.0","2023-10-09 20:01:53","Coders Data"
940759,"Data Analyst","Anywhere","Full-time","80000.0","2023-07-30 10:59:59","Get It Recruit - Information Technology"
1236616,"Data Analyst","Anywhere","Full-time","80000.0","2023-02-28 08:01:19","Peraton"
6083,"Data Analyst","Anywhere","Full-time","80000.0","2023-02-27 21:37:51","EUCON AMERICAS LLC"
1434052,"Data Analytics Consultant","Anywhere","Full-time","80000.0","2023-08-03 18:00:27","FutureNET"
276098,"Data Analyst- Power BI (Remote)","Anywhere","Full-time","80000.0","2023-06-19 23:43:42","HighGround"
1333002,"Data Analyst","Anywhere","Full-time","80000.0","2023-07-20 10:01:51","Get It Recruit - Information Technology"
690454,"Data Analyst","Anywhere","Full-time","80000.0","2023-04-03 21:00:08","Gravy Analytics"
1354750,"Data Analyst","Anywhere","Full-time","80000.0","2023-08-03 20:00:20","Coders Data"
483152,"Data Analyst","Anywhere","Full-time","80000.0","2023-01-06 20:02:41","New World Now LLC"
1075985,"AI-focused Data Analyst/Tableau Developer","Anywhere","Full-time and Contractor","80000.0","2023-11-04 09:01:25","Get It Recruit - Information Technology"
794255,"Manufacturing Data Analyst","Anywhere","Full-time","80000.0","2023-09-27 17:17:33","ATR International"
664113,"Data Analyst (Remote)","Anywhere","Full-time","80000.0","2023-09-15 23:01:19","CrowdStrike"
319413,"Data Analyst","Anywhere","Full-time","80000.0","2023-08-07 21:00:38","Coders Data"
566131,"Claims Data Analyst - 208554","Anywhere","Full-time","80000.0","2023-07-28 16:03:55","Medix Technology"
430789,"Data Analyst - Remote | WFH","Anywhere","Full-time","79968.0","2023-02-21 16:21:59","Get It Recruit - Technology"
1801810,"Remote Geospatial Data Analyst","Anywhere","Full-time","79500.0","2023-08-12 10:01:50","Get It Recruit - Information Technology"
36488,"Data Analyst (Remote)","Anywhere","Full-time","79415.5","2023-11-17 17:01:39","Texas Workforce Commission"
401772,"Health Data Analyst - Hybrid","Anywhere","Full-time","79060.5","2023-11-09 07:01:18","Teacher Retirement System of Texas"
189043,"Remote - Data Analyst - Permanent - W2","Anywhere","Full-time","79000.0","2023-02-21 12:32:53","Apex Systems"
59423,"Healthcare Data Analyst","Anywhere","Full-time","78040.0","2023-11-24 16:01:21","Get It Recruit - Healthcare"
1723219,"Data Analyst","Anywhere","Full-time","78000.0","2023-03-13 11:00:54","Visual Connections, LLC"
1236681,"Data Analyst","Anywhere","Full-time","77500.0","2023-11-08 18:21:53","Simplex"
704236,"Data Analysis and Production Support Analyst","Anywhere","Full-time","77500.0","2023-10-05 10:00:13","Get It Recruit - Information Technology"
397963,"Data Analyst","Anywhere","Full-time","77500.0","2023-07-31 19:00:25","Coders Data"
1745486,"Data Analyst","Anywhere","Full-time","77500.0","2023-11-09 08:01:11","Get It Recruit - Information Technology"
1311958,"Northeast Territory Data Analyst","Anywhere","Full-time","77500.0","2023-08-18 10:00:06","Get It Recruit - Administrative"
1101994,"Product Specialist (Data Analytics) (Remote)","Anywhere","Full-time","77500.0","2023-02-02 07:00:37","NBCUniversal"
435726,"Data Analyst","Anywhere","Full-time","77500.0","2023-12-15 06:00:07","JDC"
502625,"Data Analyst","Anywhere","Full-time","77500.0","2023-10-09 13:40:58","Simplex."
1600670,"Financial Data Analyst","Anywhere","Full-time","77500.0","2023-11-02 12:00:14","Get It Recruit - Finance"
1379514,"Data Analyst - CropSights, a Precision Ag Platform (Remote - Must...","Anywhere","Full-time","77350.0","2023-07-03 00:00:50","Wilbur-Ellis Company"
974504,"Information Protection Data Analyst - Remote | WFH","Anywhere","Full-time","77000.0","2023-03-17 10:04:52","Get It Recruit - Information Technology"
411881,"Data Analyst","Anywhere","Full-time","76842.0","2023-12-05 14:01:22","Get It Recruit - Healthcare"
1500082,"Data Analyst","Anywhere","Full-time","76783.0","2023-09-15 15:00:02","Get It Recruit - Healthcare"
487133,"Healthcare Data Analyst","Anywhere","Full-time","76559.0","2023-09-20 10:00:05","Get It Recruit - Healthcare"
558598,"Data Analyst","Anywhere","Full-time","76500.0","2023-04-14 01:01:03","Invitae"
1219618,"Data Analyst (Remote)","Anywhere","Full-time","76364.5","2023-06-09 22:00:04","Stride inc"
164596,"Data Analyst","Anywhere","Full-time","76007.0","2023-08-03 13:02:41","Get It Recruit - Healthcare"
959874,"Data Analyst","Anywhere","Full-time","76007.0","2023-08-05 14:17:09","Get It Recruit - Healthcare"
1259256,"Data Analyst","Anywhere","Full-time","76000.0","2023-08-05 07:00:10","Get It Recruit - Transportation"
757196,"GTM Revenue Operations Data Analyst","Anywhere","Full-time","76000.0","2023-01-25 01:01:52","UiPath"
371461,"Data Analyst","Anywhere","Full-time","75566.0","2023-09-21 20:01:29","Get It Recruit - Marketing"
1068141,"Data Analyst (Remote)","Anywhere","Full-time","75500.0","2023-02-04 07:00:30","ServiceTitan"
1365513,"Health Data Analyst - Remote","Anywhere","Full-time","75296.0","2023-07-29 07:01:16","Teacher Retirement System of Texas"
368638,"Data Analyst - Department of Surgery/JRSC (Greater NYC Area, NY or...","Anywhere","Full-time","75250.0","2023-09-29 22:59:52","Memorial Sloan Kettering Cancer Center"
1406540,"Associate Data Analyst","Anywhere","Full-time","75000.0","2023-07-10 19:01:00","Beyond 12"
1321085,"Junior Data Analyst - US/Canada","Anywhere","Full-time","75000.0","2023-07-20 07:00:27","Patterned Learning AI"
479282,"Data Analyst","Anywhere","Full-time","75000.0","2023-04-05 18:00:19","hackajob"
764861,"HR Jr. Data Analyst","Anywhere","Full-time","75000.0","2023-03-30 21:01:08","Chicken of the Sea"
193923,"Supply Chain Data Analyst","Anywhere","Full-time","75000.0","2023-08-19 18:00:54","Get It Recruit - Transportation"
1461191,"DATA ANALYST - We offer career advancement, a work-life balance...","Anywhere","Full-time","75000.0","2023-02-08 20:00:52","Zunch Staffing"
1513802,"Data Analyst","Anywhere","Full-time","75000.0","2023-01-13 17:06:49","In Technology Group Inc (US)"
1517483,"Data Analyst - SaaS - EdTech","Anywhere","Full-time","75000.0","2023-07-17 07:50:34","KodeKloud"
1170721,"Junior Data BI Analyst","Anywhere","Full-time","75000.0","2023-07-27 07:02:24","Patterned Learning AI"
1241014,"Research Data Analyst","Anywhere","Full-time","75000.0","2023-08-22 19:02:59","Health Choice Network"
341807,"Data Analyst","Anywhere","Full-time","75000.0","2023-11-24 09:20:25","Get It Recruit - Information Technology"
221984,"Data Analyst, Category Management & Demand Planning","Anywhere","Full-time","75000.0","2023-11-23 09:00:57","MaryRuth's"
240037,"Data Analyst","Anywhere","Full-time","75000.0","2023-11-24 19:20:27","Get It Recruit - Hospitality"
257140,"Data Analyst","Anywhere","Full-time","75000.0","2023-10-31 08:12:19","Veeva Systems"
156786,"Junior Data Analyst","Anywhere","Full-time","75000.0","2023-07-26 07:02:26","Patterned Learning AI"
1210145,"Research Data Analyst","Anywhere","Full-time","75000.0","2023-08-17 16:03:02","Health Choice Network"
210881,"Data Analyst - ggplot2, R, SQL, Python- Remote","Anywhere","Full-time","75000.0","2023-03-07 23:02:19","CyberCoders"
1065749,"HR Data Analyst","Anywhere","Full-time","75000.0","2023-01-26 19:01:47","Chicken of the Sea"
555049,"Data Analyst/Epic Cogito","Anywhere","Full-time","75000.0","2023-08-31 18:00:41","Engage Partners Inc."
813827,"Research Data Analyst","Anywhere","Full-time","74500.0","2023-08-16 12:01:01","Southern California University"
47248,"Data Scientist/Financial Data Analyst","Anywhere","Full-time","74224.5","2023-05-10 13:56:58","NCUA"
425984,"Healthcare Data Analyst","Anywhere","Full-time","74049.0","2023-12-05 18:00:59","Get It Recruit - Healthcare"
1726747,"Data Analyst","Anywhere","Full-time","74000.0","2023-07-13 10:00:17","Applied Engineering Management Corporation"
1338279,"Data Analyst (Remote)","Anywhere","Full-time","74000.0","2023-03-16 22:00:13","Retriever Medial Dental Payments LLC"
669824,"Data Insight Analyst","Anywhere","Full-time","73696.0","2023-10-31 13:01:51","Get It Recruit - Healthcare"
1553132,"Medicare Compliance Data Analyst","Anywhere","Full-time","73631.0","2023-12-02 16:00:09","Get It Recruit - Healthcare"
769341,"Research Scientist (Remote)","Anywhere","Full-time","73000.0","2023-02-02 11:04:54","Center for Open Science"
1395633,"Financial Data Analyst","Anywhere","Full-time","73000.0","2023-12-23 16:59:57","Get It Recruit - Finance"
621498,"Data Analyst III","Anywhere","Full-time","72500.0","2023-04-19 19:01:49","Global Healthcare Exchange, Inc."
1446024,"Contact Center Data Analyst","Anywhere","Full-time","72500.0","2023-10-06 23:37:00","CharterUP"
1684855,"Data Analyst","Anywhere","Full-time","72500.0","2023-03-28 17:02:52","Every Body Texas"
93604,"Data Analyst","Anywhere","Full-time","72500.0","2023-08-08 20:49:34","Bluesight"
468876,"Data Analyst Marketing","Anywhere","Full-time","72500.0","2023-01-30 19:02:17","Coda Staffing"
1583314,"Pricing Data Analyst","Anywhere","Full-time","72500.0","2023-12-18 09:00:33","Get It Recruit - Information Technology"
1262610,"Data Analyst","Anywhere","Full-time","72500.0","2023-02-06 15:06:52","Insight Global"
360331,"Data Analyst - Remote","Anywhere","Full-time","72450.0","2023-10-04 12:41:19","CACI International Inc"
432310,"Junior Business/Data Analyst","Anywhere","Full-time","72000.0","2023-07-28 09:00:20","Get It Recruit - Transportation"
1698696,"Data Analyst","Anywhere","Full-time","71850.0","2023-01-12 08:00:40","CVS Health"
361990,"Data Analyst","Anywhere","Full-time","71850.0","2022-12-31 08:01:47","CVS Health"
897644,"Financial Data Analyst","Anywhere","Full-time","71850.0","2023-04-15 07:46:41","CVS Health"
225308,"Data Analyst Intern","Anywhere","Full-time and Internship","71000.0","2023-12-04 09:00:41","Get It Recruit - Information Technology"
1096460,"Investment Operations Data Analyst","Anywhere","Full-time","70500.0","2023-05-03 13:52:22","Get It Recruit - Information Technology"
330595,"Data Analyst","Anywhere","Full-time","70000.0","2023-11-22 22:09:17","Ohio Shared Information Services Inc"
539154,"Fraud Data Analyst","Anywhere","Full-time","70000.0","2023-09-20 22:00:17","Pentasia"
1717917,"Data Analyst","Anywhere","Full-time","70000.0","2023-03-29 16:00:03","Taylor"
1625061,"Asset Verification Data Analyst","Anywhere","Full-time","70000.0","2023-05-17 09:01:09","Get It Recruit - Information Technology"
442024,"Data Analyst","Anywhere","Full-time","70000.0","2023-02-02 22:01:05","Coda SearchStaffing"
1264889,"Junior Reporting Data Analyst","Anywhere","Full-time","70000.0","2023-07-08 10:00:04","Get It Recruit - Information Technology"
339742,"Healthcare Contract/Data Analyst","Anywhere","Full-time","70000.0","2023-04-20 09:00:04","Kermit"
683865,"Financial Data Analyst","Anywhere","Full-time","70000.0","2023-03-02 15:49:09","Global Accounting Network"
723713,"Data Analyst","Anywhere","Full-time","70000.0","2023-02-13 20:06:14","Amplified Sourcing"
1473524,"Data Analyst","Anywhere","Full-time","70000.0","2023-01-25 22:59:51","Partnership Employment"
1397514,"Community Data Analyst","Anywhere","Full-time","70000.0","2023-12-26 09:01:09","Get It Recruit - Information Technology"
134039,"Data Analyst","Anywhere","Full-time","70000.0","2023-11-03 00:00:01","Class Action Capital Recovery LLC"
1128522,"Manufacturing Operations Data Analyst","Anywhere","Full-time","70000.0","2023-08-16 13:01:01","Get It Recruit - Information Technology"
1109298,"Data Analyst","Anywhere","Full-time","70000.0","2023-12-03 10:00:07","Get It Recruit - Information Technology"
50512,"Loan Data Analyst","Anywhere","Full-time","70000.0","2023-09-17 15:01:07","AdelFi"
1527329,"Data Analyst","Anywhere","Full-time","70000.0","2023-05-30 07:59:57","Zelo Digital Recruitment"
482909,"Data & Analytics Analyst - Virtual, USA","Anywhere","Full-time","69500.0","2023-08-16 17:14:31","Diversified"
297571,"Clinical Data Analyst I (REMOTE-USA)","Anywhere","Full-time","69000.0","2023-08-21 15:00:52","Ambry Genetics Corporation"
38696,"Data Analyst","Anywhere","Contractor","67500.0","2023-01-26 15:51:48","Insight Global"
605922,"Data Analyst for Democratic Attorneys General and AG Candidates","Anywhere","Full-time","67500.0","2023-05-02 08:00:26","Get It Recruit - Information Technology"
618426,"Research/Data Analyst","Anywhere","Full-time","67500.0","2023-09-11 10:44:32","Get It Recruit - Information Technology"
60732,"Data Analyst (SQL) :Role 3354","Anywhere","Full-time","67500.0","2023-04-11 17:01:23","iTalent Digital"
534826,"Forensic Data Analyst","Anywhere","Full-time","67500.0","2023-12-10 07:53:43","Get It Recruit - Information Technology"
243487,"Survey Data Analyst","Anywhere","Full-time","67500.0","2023-06-27 19:02:16","CyberCoders"
1400357,"Data Analyst","Anywhere","Full-time","67500.0","2023-01-25 19:01:59","AllianceChicago"
1010619,"Community Data Analyst","Anywhere","Full-time","66500.0","2023-11-26 08:01:03","Get It Recruit - Information Technology"
871527,"Analyst, Master Data Management","Anywhere","Full-time","65062.3984375","2023-10-31 10:01:40","Ascension"
1441940,"Junior Data Analyst","Anywhere","Full-time","65000.0","2023-07-22 08:01:52","Get It Recruit - Information Technology"
1334734,"Data Analyst (Entry Level)","Anywhere","Full-time","65000.0","2023-07-08 06:59:57","Patterned Learning AI"
179983,"Data Analyst","Anywhere","Contractor","65000.0","2023-09-26 18:04:34","24 Seven Talent"
450752,"Data Analyst","Anywhere","Full-time","65000.0","2023-12-16 01:00:26","Mothership Strategies, LLC"
384112,"Data BI Analyst (Entry Level) - US/Canada","Anywhere","Full-time","65000.0","2023-07-30 07:00:15","Patterned Learning AI"
946898,"Data BI Analyst (Entry Level) - US","Anywhere","Full-time","65000.0","2023-07-28 07:00:17","Patterned Learning AI"
1596146,"Data Analyst","Anywhere","Full-time","65000.0","2023-05-02 20:56:56","Insight Global"
466817,"Jr. Marketing Data Analyst- Ecommerce","Anywhere","Full-time","65000.0","2023-01-04 16:00:23","Aquent Studios"
549336,"HR Reporting & Analytics Manager","Anywhere","Full-time","65000.0","2023-09-21 19:01:35","Get It Recruit - Administrative"
1812494,"Data Analyst","Anywhere","Full-time","65000.0","2023-07-15 01:59:54","Bright Power"
1463732,"Data Analyst","Anywhere","Full-time","65000.0","2023-01-17 23:02:07","Insight Global"
394469,"Data Analyst (Entry Level) - US/Canada","Anywhere","Full-time","65000.0","2023-07-30 07:00:12","Patterned Learning AI"
1705282,"Electronic Data Interchange Analyst","Anywhere","Full-time","65000.0","2023-01-18 23:02:57","Insight Global"
1785615,"Data Analyst (Entry Level) - US/Canada","Anywhere","Full-time","65000.0","2023-07-31 07:02:38","Patterned Learning AI"
1403912,"Data BI Analyst (Entry Level) - US/Canada","Anywhere","Full-time","65000.0","2023-08-25 07:03:31","Patterned Learning AI"
604011,"Data BI Analyst (Entry Level)","Anywhere","Full-time","65000.0","2023-07-11 07:00:10","Patterned Learning AI"
262937,"SQL Data Analyst","Anywhere","Full-time","65000.0","2023-10-30 07:00:33","Citron IT, Inc."
1538266,"Data Analyst - Educational Non-profit","Anywhere","Full-time","65000.0","2023-01-04 19:05:45","Express Employment Professionals"
1526157,"Data Analyst - (100% Remote)","Anywhere","Full-time","63991.0","2023-01-10 00:01:09","Monterey Park Auto Body Inc"
510271,"Data Analyst","Anywhere","Full-time","63594.0","2023-12-29 15:59:59","Get It Recruit - Healthcare"
1566988,"Data Analyst - Bargersville, IN","Anywhere","Full-time","63000.0","2023-05-17 08:01:46","VetJobs & Military Spouse Jobs"
1301761,"Business Data Analyst","Anywhere","Full-time","62500.0","2023-06-20 17:01:17","Kaye/Bassman International"
329855,"Internal Audit Data Analyst","Anywhere","Full-time","62500.0","2023-01-06 21:02:36","Aegon"
1513216,"HR Report Writer and Data Analyst- REMOTE","Anywhere","Full-time","62500.0","2023-05-20 00:29:59","Ryder System"
132241,"Employee Assistance Program (EAP) Data Analyst","Anywhere","Full-time","62500.0","2023-05-07 09:01:42","CuraLinc Healthcare"
553921,"Supply Chain Data Integrity Analyst","Anywhere","Full-time","62500.0","2023-12-03 08:01:03","Get It Recruit - Transportation"
43776,"Data Analyst","Anywhere","Full-time","62500.0","2023-05-24 16:01:05","Kaye/Bassman International"
215071,"Data Analyst","Anywhere","Full-time","62500.0","2023-01-08 00:01:54","OZ"
1650439,"Technology and Data Analyst","Anywhere","Full-time","62500.0","2023-07-17 14:00:50","McAllister & Quinn, LLC"
376277,"Operations Reporting and Data Analyst - Boston, MA","Anywhere","Full-time","62500.0","2023-02-14 12:00:21","Crescentia GTS"
634102,"Data Processing and Reporting Analyst","Anywhere","Full-time","62000.0","2023-09-08 09:39:55","Get It Recruit - Information Technology"
272662,"Business Intelligence Engineer","Anywhere","Contractor","62000.0","2023-05-31 17:53:38","Neurons Lab"
955933,"Freelance Online Data Analyst","Anywhere","Full-time and Contractor","60500.0","2023-11-15 06:02:08","Get It Recruit - Information Technology"
1579976,"Freelance Online Data Analyst","Anywhere","Full-time and Contractor","60500.0","2023-11-02 08:02:05","Get It Recruit - Information Technology"
1431520,"Entry Level Data Analyst","Anywhere","Full-time","60000.0","2023-01-18 14:46:40","Jumpvine"
179907,"Data Analyst - Payroll Operations","Anywhere","Full-time","60000.0","2023-10-10 07:00:12","Get It Recruit - Information Technology"
163009,"Social Media Data Analyst","Anywhere","Full-time","60000.0","2023-08-20 14:00:02","Get It Recruit - Marketing"
697068,"Remote Data Analyst","Anywhere","Full-time","60000.0","2023-05-12 19:19:12","Kaye/Bassman International, Corp."
286007,"Data Analyst","Anywhere","Full-time","60000.0","2023-08-20 10:00:02","Get It Recruit - Information Technology"
1138427,"Data Science Analyst I","Anywhere","Full-time","60000.0","2023-07-24 20:04:05","Aflac, Incorporated"
212308,"Data Analyst","Anywhere","Full-time","60000.0","2023-10-10 18:01:22","El Buen Samaritano"
616124,"Junior Data Analyst","Anywhere","Full-time","60000.0","2023-09-16 19:03:22","Get It Recruit - Finance"
143739,"Junior Data Analyst","Anywhere","Full-time","60000.0","2023-05-31 07:37:04","TalentKompass Deutschland"
1009250,"Full-time / Financial Data Analyst (Remote)","Anywhere","Full-time","60000.0","2023-05-18 07:02:41","eStaffing Inc."
758435,"HR Data Analyst","Anywhere","Full-time","60000.0","2023-02-25 09:00:07","SHI International Corp."
1424729,"Atmospheric Scientist/Data Analyst","Anywhere","Full-time","60000.0","2023-03-23 11:54:49","BLUE STORM ASSOCIATES INC"
333817,"Admissions & Recruitment Business Data Analyst (Hybrid-80% remote)","Anywhere","Full-time","60000.0","2023-12-07 20:01:55","University of North Texas Health Science Center"
719006,"Data Analyst - Call Center","Anywhere","Full-time","59500.0","2023-12-22 09:01:35","Suncoast Credit Union"
1117967,"HR Data Analyst- REMOTE","Anywhere","Full-time","59000.0","2023-01-18 11:58:39","Ryder System"
489565,"HR Data Analyst- REMOTE","Anywhere","Full-time","59000.0","2023-01-04 08:31:12","Ryder System"
1091264,"Logistics Data Analyst (Remote Friendly)","Anywhere","Full-time","58000.0","2023-06-19 14:00:09","Webstaurant Store"
863378,"Remote Data Analyst Consultant","Anywhere","Full-time","58000.0","2023-02-07 23:04:30","Insight Global"
1635949,"Remote Data Analyst II","Anywhere","Full-time","57500.0","2023-10-23 13:00:01","Get It Recruit - Information Technology"
346462,"Remote Data Analyst II","Anywhere","Full-time","57500.0","2023-10-26 13:00:07","The Difference Card"
785489,"Data Management Analyst- Remote","Anywhere","Full-time","57500.0","2023-09-28 13:15:57","Stafford Consulting Company, Inc."
441975,"Data Analyst I","Anywhere","Full-time","57500.0","2023-11-20 19:00:58","FiberFirst"
739541,"Healthcare Data SAS Analyst I","Anywhere","Full-time","57300.0","2023-07-14 19:53:59","Ascendo Resources"
1598725,"Lead Data Analyst/Data Architect","Anywhere","Full-time","55500.0","2023-11-20 08:01:24","Get It Recruit - Information Technology"
837423,"CCBHC Data Analyst (Grant Funded Position)","Anywhere","Full-time","55000.0","2023-01-17 00:22:01","State of Georgia"
562116,"Environmental Data Analyst","Anywhere","Full-time","55000.0","2023-01-13 21:03:57","JARBO Employment Group"
486466,"Data Analyst - US Healthcare (REMOTE)","Anywhere","Full-time","54540.0","2023-05-08 08:02:56","WALGREENS"
198826,"Statistical Data Analyst (Buyer Engagement Strategist)","Anywhere","Full-time","53000.0","2023-08-21 21:04:32","University of South Florida"
1203514,"Data Analyst (Remote)","Anywhere","Full-time","52500.0","2023-01-14 09:43:54","Acosta, Inc."
74841,"Data Quality Analyst","Anywhere","Full-time","52500.0","2023-10-04 10:00:19","Get It Recruit - Information Technology"
902110,"Junior Data Analyst","Anywhere","Full-time","52500.0","2023-02-24 18:00:55","Phoenix Capital Group Holdings LLC"
667237,"E-Commerce Digital Analyst","Anywhere","Full-time","52500.0","2023-04-11 15:17:43","Fitsoftware OU"
862094,"Data Analyst","Anywhere","Full-time","52500.0","2023-05-12 19:01:22","Kaye/Bassman International"
1049427,"Data Analyst","Anywhere","Full-time","52000.0","2023-01-18 14:00:12","Spark451 Inc."
642310,"OPEN RANK: Qualitative Research Data Analyst or Senior Research...","Anywhere","Full-time","51500.0","2023-12-18 19:00:13","University of Maryland, Baltimore"
1073885,"Sr. Data Analyst","Anywhere","Full-time","51059.0","2023-01-23 00:00:38","Jacksonville"
44448,"Data Quality Analyst","Anywhere","Full-time","51000.0","2023-11-27 10:02:29","Get It Recruit - Information Technology"
1086455,"Data Analysis & Reporting Specialist","Anywhere","Full-time","50500.0","2023-12-14 07:34:00","Get It Recruit - Information Technology"
1278164,"Data Analyst","Anywhere","Full-time","50000.0","2023-12-16 08:00:01","Get It Recruit - Transportation"
1672776,"Data Entry Analyst","Anywhere","Full-time","50000.0","2023-09-21 19:01:03","Get It Recruit - Administrative"
522407,"Data Analysis & Reporting Specialist","Anywhere","Full-time","50000.0","2023-10-29 14:28:30","Get It Recruit - Information Technology"
269335,"Data Analyst I - Healthcare Analytics","Anywhere","Full-time","50000.0","2023-05-30 11:01:58","Get It Recruit - Information Technology"
587906,"Data Analyst","Anywhere","Full-time and Contractor","50000.0","2023-11-11 18:02:54","Makana Technologies"
1605573,"Clinical Data Analyst (Entry to Mid Level)","Anywhere","Full-time","48500.0","2023-08-24 16:01:04","Allied Technologies & Consulting"
229128,"Data Analyst / Engineer","Anywhere","Contractor","47500.0","2023-01-19 01:28:29","Men's Health Clinic (MHC)"
1262617,"Financial Data Analyst","Anywhere","Full-time","47500.0","2023-10-10 20:38:56","Ali Awad Law, P.C."
42319,"Data Analyst","Anywhere","Full-time","47500.0","2023-01-25 22:04:45","Insight Global"
1619146,"Data Analyst","Anywhere","Full-time","46500.0","2023-11-05 07:00:06","Get It Recruit - Administrative"
473213,"Data Analyst-Operations","Anywhere","Full-time","42500.0","2023-02-28 15:00:06","U.S. Wire and Cable Company/ Flexon Industries"
512966,"Ecommerce Business Analyst/Data Analyst with Good exp with SQL","Anywhere","Contractor","41000.0","2023-02-15 02:00:35","BayOne Solutions"
663127,"Data Quality Analyst (Fraud Prevention)","Anywhere","Full-time","40000.0","2023-10-26 23:55:07","owl.co"
994565,"Remote Data Analyst","Anywhere","Full-time","39000.0","2023-04-28 12:01:30","Get It Recruit - Administrative"
1349849,"Financial Data Analyst","Anywhere","Full-time","36000.0","2023-06-08 08:46:41","Get It Recruit - Information Technology"
1178688,"Data Analyst","Anywhere","Contractor","35000.0","2023-06-20 21:57:57","Jobmatchingpartner Ltd"
216489,"Research Scientist","Anywhere","Full-time","25000.0","2023-07-18 07:03:51","ED-Energy Storage & Distributed R"
